{
    "global": [
        {
            "id": "1018783414586970122",
            "reason": "Buzy hoon don't disturb me",
            "timestamp": "2024-07-05T15:27:29.307014",
            "mentions": []
        },
        {
            "id": "966673945640194128",
            "reason": "gud night",
            "timestamp": "2024-07-12T17:49:22.077663",
            "mentions": []
        }
    ],
    "1138812160533856257": [
        {
            "id": "1247876406390820905",
            "reason": "I'm AFK :D",
            "timestamp": "2024-06-30T12:07:22.999082",
            "mentions": []
        }
    ],
    "1157880971006312498": [],
    "1018786418065158154": [
        {
            "id": "1018783414586970122",
            "reason": "Buzy hoon don't disturb me",
            "timestamp": "2024-07-05T15:27:23.670123",
            "mentions": []
        }
    ],
    "1190588621456150638": [
        {
            "id": "926831289649201213",
            "reason": "pakistan nook krna h maqsad",
            "timestamp": "2024-07-12T17:02:19.460529",
            "mentions": []
        }
    ]
}