{
    "guilds": {
        "1138812160533856257": {
            "owners": [],
            "antiSpam": false,
            "antiLink": false,
            "antiinvites": false,
            "punishment": "mute",
            "whitelisted": [],
            "channel": null,
            "mods": [],
            "modrole": 1138844051597181041,
            "ignorechannels": []
        },
        "1140228374246215710": {
            "owners": [],
            "antiSpam": false,
            "antiLink": false,
            "antiinvites": false,
            "punishment": "mute",
            "whitelisted": [],
            "channel": null,
            "mods": [
                "1125692368247595029"
            ],
            "modrole": 1159135870239113316,
            "ignorechannels": []
        },
        "1154381973343711352": {
            "owners": [],
            "antiSpam": false,
            "antiLink": false,
            "antiinvites": false,
            "punishment": "mute",
            "whitelisted": [],
            "channel": null,
            "mods": [],
            "modrole": 1155814154301620274,
            "ignorechannels": []
        },
        "1168866484328599643": {
            "owners": [],
            "antiSpam": false,
            "antiLink": false,
            "antiinvites": false,
            "punishment": "mute",
            "whitelisted": [],
            "channel": null,
            "mods": [],
            "modrole": null,
            "ignorechannels": []
        },
        "1254312177519824946": {
            "owners": [],
            "antiSpam": false,
            "antiLink": false,
            "antiinvites": false,
            "punishment": "mute",
            "whitelisted": [],
            "channel": null,
            "mods": [
                "1131454230172028951"
            ],
            "modrole": null,
            "ignorechannels": []
        }
    }
}