{"1108029039274364988": "WELCOME TO Dark Development\nStay With Us And Enjoy\nInvite Me to your Own Server\n[URL](https://discord.com/api/oauth2/authorize?client_id=977512459701194852&permissions=8&scope=bot%20applications.commands%22)", "1127166489615667281": "https://discord.gg/YhKd9WNHmB **FREE OWO/NITRO**", "1154700827848626216": "**THANKS FOR JOINING ISHQ** \u2764\ufe0f\n\n **HOPE YOU ENJOY HERE** \u2764\ufe0f\nhttps://discord.gg/V3b3MFpM", "1156265888459272282": "<a:ArrowBlue:1157417514914021376> Ty For Joining <a:OR_Heart:1125767523892215858>", "843855196262367262": "hello"}