{
    "1097627209788817469": {
        "channel": []
    },
    "1079963339737813022": {
        "channel": []
    },
    "1093709637703962634": {
        "channel": []
    },
    "1116448751008100395": {
        "channel": []
    },
    "1116914286002974801": {
        "channel": []
    },
    "1096339556741169162": {
        "channel": []
    },
    "1023603628986093678": {
        "channel": []
    },
    "1098373802037084161": {
        "channel": []
    },
    "1096737019356528734": {
        "channel": []
    },
    "1111934590299414539": {
        "channel": []
    },
    "1097149072311324722": {
        "channel": []
    },
    "1095000198314475604": {
        "channel": []
    },
    "976425632961548308": {
        "channel": []
    },
    "1117587634022260848": {
        "channel": []
    },
    "1050949626863300608": {
        "channel": []
    },
    "1031166309049843723": {
        "channel": []
    },
    "963386750900781106": {
        "channel": []
    },
    "1119369135416160257": {
        "channel": []
    },
    "1019983204721098795": {
        "channel": []
    },
    "1056480393701892137": {
        "channel": []
    },
    "1090614458830815232": {
        "channel": []
    },
    "1082578132881645608": {
        "channel": []
    },
    "1101471422724972584": {
        "channel": []
    },
    "1115904704589865031": {
        "channel": []
    },
    "1100270511780548648": {
        "channel": []
    },
    "303095411655311370": {
        "channel": []
    },
    "1077595979068481577": {
        "channel": []
    },
    "1108029039274364988": {
        "channel": [
            1122110979812098078
        ]
    },
    "869017715896111134": {
        "channel": []
    },
    "974331692984705035": {
        "channel": []
    },
    "1100518234819674303": {
        "channel": []
    },
    "1079963339775541311": {
        "channel": []
    },
    "1028913190005907507": {
        "channel": []
    },
    "1116587036237901874": {
        "channel": []
    },
    "1109118637211668539": {
        "channel": []
    },
    "1116343400464121866": {
        "channel": []
    },
    "993867160873095208": {
        "channel": []
    },
    "1118238964697022537": {
        "channel": []
    },
    "1114859189571944534": {
        "channel": []
    },
    "1045009818181705849": {
        "channel": []
    },
    "999984136888528926": {
        "channel": []
    },
    "1075293543331008634": {
        "channel": []
    },
    "1097492763941032067": {
        "channel": []
    },
    "1117025831194202153": {
        "channel": []
    },
    "981969060554215454": {
        "channel": []
    },
    "1101475173242241104": {
        "channel": []
    },
    "1063512436868657252": {
        "channel": []
    },
    "1089264811419901994": {
        "channel": []
    },
    "1079963340035592282": {
        "channel": []
    },
    "1105873838903926844": {
        "channel": []
    },
    "1109011570052300814": {
        "channel": []
    },
    "1106126520629592124": {
        "channel": []
    },
    "1104468143172235436": {
        "channel": []
    },
    "877276106745593926": {
        "channel": []
    },
    "877837063532191775": {
        "channel": []
    },
    "1102158823705301012": {
        "channel": []
    },
    "1091308493862080532": {
        "channel": []
    },
    "963384250235764756": {
        "channel": []
    },
    "1096807192620978196": {
        "channel": []
    },
    "1093986355580768269": {
        "channel": []
    },
    "786889267409453057": {
        "channel": []
    },
    "1039849748036857866": {
        "channel": []
    },
    "1059738604907266058": {
        "channel": []
    },
    "846883824885563442": {
        "channel": []
    },
    "1059738481993187428": {
        "channel": []
    },
    "999915670349299752": {
        "channel": []
    },
    "1031028540331802724": {
        "channel": []
    },
    "903713535782170634": {
        "channel": []
    },
    "949977417177505792": {
        "channel": []
    },
    "1059671410471092264": {
        "channel": []
    },
    "1059713157582565416": {
        "channel": []
    },
    "1026134127512129676": {
        "channel": []
    },
    "1050036720298639410": {
        "channel": []
    },
    "1059713068168392754": {
        "channel": []
    },
    "1120243450290372678": {
        "channel": []
    },
    "1039851870480511058": {
        "channel": []
    },
    "1039932485506699364": {
        "channel": []
    },
    "1039896503549968428": {
        "channel": []
    },
    "1051560070183391285": {
        "channel": []
    },
    "1087846699684347986": {
        "channel": []
    },
    "1009423044063789057": {
        "channel": []
    },
    "1067141640759812198": {
        "channel": []
    },
    "1112767189854990348": {
        "channel": []
    },
    "1106224980380893254": {
        "channel": []
    },
    "1112339845344395375": {
        "channel": []
    },
    "1086556813945733201": {
        "channel": []
    },
    "984397451844808725": {
        "channel": []
    },
    "1119263839184240770": {
        "channel": []
    },
    "1095563341700792332": {
        "channel": []
    },
    "1097068751289069630": {
        "channel": []
    },
    "1114932690861441154": {
        "channel": []
    },
    "1111973276470759454": {
        "channel": []
    },
    "1059738606249463859": {
        "channel": []
    },
    "1059705014035169280": {
        "channel": []
    },
    "937366656181739570": {
        "channel": []
    },
    "1121351778903007234": {
        "channel": []
    },
    "1119867094574571591": {
        "channel": []
    },
    "1096110471100252181": {
        "channel": []
    },
    "1120589155232133242": {
        "channel": []
    },
    "1120635906496417863": {
        "channel": []
    },
    "1075033730214797402": {
        "channel": []
    },
    "1104650434003599390": {
        "channel": []
    },
    "1121649751297904720": {
        "channel": []
    },
    "1121021422467301456": {
        "channel": []
    },
    "1005882198580281445": {
        "channel": []
    },
    "1013857318032650300": {
        "channel": []
    },
    "1101523239202725969": {
        "channel": []
    },
    "967243130623639565": {
        "channel": []
    },
    "1112043274555904082": {
        "channel": []
    },
    "1109097757567885362": {
        "channel": []
    },
    "1100999194573025300": {
        "channel": []
    },
    "1116665202029633546": {
        "channel": []
    },
    "1122544400883515454": {
        "channel": []
    },
    "1123284815450493050": {
        "channel": []
    },
    "1067845408082116668": {
        "channel": []
    },
    "1123852398444695683": {
        "channel": []
    },
    "987235625184952320": {
        "channel": []
    },
    "1107640507498254357": {
        "channel": []
    },
    "1103688538492506194": {
        "channel": []
    },
    "1115349498177269771": {
        "channel": []
    },
    "1120203152680038452": {
        "channel": []
    },
    "915639081554305085": {
        "channel": []
    },
    "1113928498730500176": {
        "channel": []
    },
    "1059565369871826944": {
        "channel": []
    },
    "1124226470550708344": {
        "channel": []
    },
    "1068877315796373524": {
        "channel": []
    },
    "1125844414212874240": {
        "channel": []
    },
    "1045261820170096721": {
        "channel": []
    },
    "1101075855217795072": {
        "channel": []
    },
    "1126537442363723908": {
        "channel": []
    },
    "1118746332174225459": {
        "channel": []
    },
    "1127499052641157170": {
        "channel": []
    },
    "728156559842213909": {
        "channel": []
    },
    "827546608999727162": {
        "channel": []
    },
    "992790133399101490": {
        "channel": []
    },
    "1051446562171138108": {
        "channel": []
    },
    "1127166489615667281": {
        "channel": []
    },
    "1127114640158117920": {
        "channel": []
    },
    "793029744769368084": {
        "channel": []
    },
    "983132734820081694": {
        "channel": []
    },
    "1119523447232532500": {
        "channel": []
    },
    "1124428204145381417": {
        "channel": []
    },
    "1087105762003783791": {
        "channel": []
    },
    "1126518553928007690": {
        "channel": []
    },
    "996905109898403960": {
        "channel": []
    },
    "1068961437092941835": {
        "channel": []
    },
    "963087482071711745": {
        "channel": []
    },
    "1130008449355362326": {
        "channel": []
    },
    "1130008389288734759": {
        "channel": []
    },
    "1130008614036320406": {
        "channel": []
    },
    "1130008530745835610": {
        "channel": []
    },
    "1130009946168250378": {
        "channel": []
    },
    "1130009816983687178": {
        "channel": []
    },
    "1130010092390060143": {
        "channel": []
    },
    "1130009873875206196": {
        "channel": []
    },
    "1127982260033949757": {
        "channel": []
    },
    "1123652464831365181": {
        "channel": []
    },
    "783335167636275210": {
        "channel": []
    },
    "853274104067784745": {
        "channel": []
    },
    "1129775447492796538": {
        "channel": []
    },
    "1048078449945870386": {
        "channel": []
    },
    "1117100101526102027": {
        "channel": []
    },
    "1127499964008902689": {
        "channel": []
    },
    "1129777490546671739": {
        "channel": []
    },
    "1131249235770212553": {
        "channel": []
    },
    "1131674656806535312": {
        "channel": []
    },
    "1075478176165273600": {
        "channel": []
    },
    "874049591216046122": {
        "channel": []
    },
    "1130111797320491018": {
        "channel": []
    },
    "1103591679103082567": {
        "channel": []
    },
    "1127579199910199377": {
        "channel": []
    },
    "1128359239144968313": {
        "channel": []
    },
    "1134140117087441086": {
        "channel": []
    },
    "582435622246154260": {
        "channel": []
    },
    "1131324756298301440": {
        "channel": []
    },
    "1117692073974439936": {
        "channel": []
    },
    "1118382830284701789": {
        "channel": []
    },
    "1125046317870227537": {
        "channel": []
    },
    "1136698944630562898": {
        "channel": []
    },
    "1134558980300083342": {
        "channel": []
    },
    "1137758438856871936": {
        "channel": []
    },
    "1111316312694739125": {
        "channel": []
    },
    "1137583020199657592": {
        "channel": []
    },
    "1138418369087934556": {
        "channel": []
    },
    "1138517713736699934": {
        "channel": []
    },
    "1124568373364273163": {
        "channel": []
    },
    "1138818346134024254": {
        "channel": []
    },
    "1098865280672870420": {
        "channel": []
    },
    "1118567893890764830": {
        "channel": []
    },
    "1115016786518220860": {
        "channel": []
    },
    "1127821015091777567": {
        "channel": []
    },
    "1089105945667326052": {
        "channel": []
    },
    "964759122299994173": {
        "channel": []
    },
    "961383743086530621": {
        "channel": []
    },
    "1123536736643981372": {
        "channel": []
    },
    "1134101550571200533": {
        "channel": []
    },
    "1103995360860446730": {
        "channel": []
    },
    "1128930653132554241": {
        "channel": []
    },
    "1134901013048987830": {
        "channel": []
    },
    "1126425515033636924": {
        "channel": []
    },
    "1096005395153162290": {
        "channel": []
    },
    "1103508977582612583": {
        "channel": []
    },
    "1097092094415339660": {
        "channel": []
    },
    "1116962147302375444": {
        "channel": []
    },
    "1127982736704032788": {
        "channel": []
    },
    "1092329346011758592": {
        "channel": []
    },
    "918074824792887326": {
        "channel": []
    },
    "1124379502626226196": {
        "channel": []
    },
    "1125007029107437658": {
        "channel": []
    },
    "1099166454898753557": {
        "channel": []
    },
    "1132201880949362800": {
        "channel": []
    },
    "1129330605889421346": {
        "channel": []
    },
    "1111312240667263069": {
        "channel": []
    },
    "1127847498283749376": {
        "channel": []
    },
    "1137311715185393734": {
        "channel": []
    },
    "1114247078571413604": {
        "channel": []
    },
    "1059870412500107485": {
        "channel": []
    },
    "1116642207928172604": {
        "channel": []
    },
    "1105845263152709752": {
        "channel": []
    },
    "1103192156258193420": {
        "channel": []
    },
    "1090480180369297408": {
        "channel": []
    },
    "1116347849865711656": {
        "channel": []
    },
    "1129349622331093072": {
        "channel": []
    },
    "1129484017054519327": {
        "channel": []
    },
    "1097130953488486430": {
        "channel": []
    },
    "1132917610724458508": {
        "channel": []
    },
    "1071807677145030857": {
        "channel": []
    },
    "1084904458653278319": {
        "channel": []
    },
    "1127113815671177250": {
        "channel": []
    },
    "1137624387047133285": {
        "channel": []
    },
    "1138812160533856257": {
        "channel": []
    },
    "1139545420457062443": {
        "channel": []
    },
    "1141918736190808084": {
        "channel": []
    },
    "1082998491044925460": {
        "channel": []
    },
    "1143834278015283250": {
        "channel": [
            1237745492796899480
        ]
    },
    "1134256055174566042": {
        "channel": []
    },
    "1140633229204934697": {
        "channel": []
    },
    "1106228523384983623": {
        "channel": []
    },
    "1143575104362647563": {
        "channel": []
    },
    "1113394921840316506": {
        "channel": []
    },
    "1034808374975537203": {
        "channel": []
    },
    "1149302416831938611": {
        "channel": []
    },
    "1146113005503909991": {
        "channel": []
    },
    "1092749835247030363": {
        "channel": [
            1152170310418833418
        ]
    },
    "1126805369021280286": {
        "channel": []
    },
    "1061154310118985768": {
        "channel": []
    },
    "1143474407696760886": {
        "channel": []
    },
    "1141067216071180288": {
        "channel": []
    },
    "1149016977139052625": {
        "channel": []
    },
    "1098836612198178887": {
        "channel": []
    },
    "1139934097507102722": {
        "channel": []
    },
    "1151096223198093424": {
        "channel": []
    },
    "1151165338394820708": {
        "channel": []
    },
    "1151166228694577243": {
        "channel": []
    },
    "1152473069563158548": {
        "channel": []
    },
    "1152286925219188817": {
        "channel": []
    },
    "1152920798340853810": {
        "channel": []
    },
    "1136344175147765971": {
        "channel": []
    },
    "1153672791913148429": {
        "channel": []
    },
    "1106216568288985109": {
        "channel": []
    },
    "1104984401374367845": {
        "channel": []
    },
    "1147530120538632312": {
        "channel": []
    },
    "1130934104213438575": {
        "channel": []
    },
    "1092764717933678622": {
        "channel": []
    },
    "1153159223950180422": {
        "channel": []
    },
    "1087321654851534959": {
        "channel": []
    },
    "1152902140201803877": {
        "channel": []
    },
    "1155482177933410345": {
        "channel": []
    },
    "1139625619496382577": {
        "channel": []
    },
    "1154700827848626216": {
        "channel": []
    },
    "1122553244518977657": {
        "channel": []
    },
    "1140228374246215710": {
        "channel": []
    },
    "1154993393156493312": {
        "channel": []
    },
    "1156964574784921642": {
        "channel": []
    },
    "1156265888459272282": {
        "channel": []
    },
    "1155342397069344828": {
        "channel": []
    },
    "1155342849055928393": {
        "channel": []
    },
    "1138081215560302622": {
        "channel": []
    },
    "1148979589310328882": {
        "channel": []
    },
    "1129358928438886442": {
        "channel": []
    },
    "1149250371148058705": {
        "channel": []
    },
    "1157240238402453506": {
        "channel": []
    },
    "1158779054351188100": {
        "channel": []
    },
    "1083756925885358182": {
        "channel": []
    },
    "1138044313184518184": {
        "channel": []
    },
    "1150719614884511776": {
        "channel": []
    },
    "1158595533015887975": {
        "channel": []
    },
    "1127636397377994943": {
        "channel": []
    },
    "1157749985736146998": {
        "channel": []
    },
    "1146431321544069190": {
        "channel": []
    },
    "1149235349088915567": {
        "channel": []
    },
    "1149635267641212978": {
        "channel": []
    },
    "1134194206223630389": {
        "channel": []
    },
    "1096122328863219802": {
        "channel": []
    },
    "968438225834237993": {
        "channel": []
    },
    "1157880971006312498": {
        "channel": [
            1157889044546605136
        ]
    },
    "1152568416096497666": {
        "channel": []
    },
    "1159094991650553898": {
        "channel": []
    },
    "1138313829411987466": {
        "channel": []
    },
    "1132585033773883453": {
        "channel": []
    },
    "1142791402984571002": {
        "channel": []
    },
    "1143264320818528427": {
        "channel": []
    },
    "1149426003404402690": {
        "channel": []
    },
    "1144027094104424549": {
        "channel": []
    },
    "1146713157327388682": {
        "channel": []
    },
    "1136979948775669900": {
        "channel": []
    },
    "1035926197474951198": {
        "channel": []
    },
    "1142396758450769941": {
        "channel": []
    },
    "1135622987777847366": {
        "channel": []
    },
    "1147532778313883829": {
        "channel": []
    },
    "1146660711204933632": {
        "channel": []
    },
    "1151530287507972137": {
        "channel": []
    },
    "1154381973343711352": {
        "channel": []
    },
    "859074937670991892": {
        "channel": []
    },
    "1155504356393767046": {
        "channel": []
    },
    "1133792592497213500": {
        "channel": []
    },
    "1158971416566313031": {
        "channel": []
    },
    "1147810417247256606": {
        "channel": []
    },
    "1149581849396514836": {
        "channel": []
    },
    "727181463816241242": {
        "channel": []
    },
    "1071031425131872326": {
        "channel": []
    },
    "1160982363610828951": {
        "channel": []
    },
    "1161639634032410775": {
        "channel": []
    },
    "1141773534448853062": {
        "channel": []
    },
    "1134856365232357456": {
        "channel": []
    },
    "1161576149055451156": {
        "channel": []
    },
    "1158408289873301514": {
        "channel": []
    },
    "1162345187813629962": {
        "channel": []
    },
    "1162364527548055703": {
        "channel": []
    },
    "1113075344568754197": {
        "channel": []
    },
    "1113075320376016946": {
        "channel": []
    },
    "1042776383803375667": {
        "channel": []
    },
    "1080557560467296417": {
        "channel": []
    },
    "1049603494803415070": {
        "channel": []
    },
    "1162741812784537610": {
        "channel": []
    },
    "1141675222882340955": {
        "channel": []
    },
    "1151053003684581446": {
        "channel": []
    },
    "1126124894841741454": {
        "channel": []
    },
    "1164570018235818014": {
        "channel": []
    },
    "1154462932487389225": {
        "channel": []
    },
    "1165219582026469386": {
        "channel": []
    },
    "1162039922262278255": {
        "channel": []
    },
    "1164882449701032037": {
        "channel": []
    },
    "1164590975990124556": {
        "channel": []
    },
    "1162351710681956392": {
        "channel": []
    },
    "1165929717090750554": {
        "channel": []
    },
    "1111924490507669514": {
        "channel": [
            1154710398109491281,
            1183295040802533436
        ]
    },
    "1139566409534423091": {
        "channel": []
    },
    "1166297425984618536": {
        "channel": []
    },
    "1045644786981417021": {
        "channel": []
    },
    "1148545385736966147": {
        "channel": []
    },
    "1167760034395070536": {
        "channel": []
    },
    "1120219231271796746": {
        "channel": []
    },
    "1167832162565890078": {
        "channel": []
    },
    "1165194580971507733": {
        "channel": []
    },
    "1167362434672119808": {
        "channel": []
    },
    "1163102417366290503": {
        "channel": []
    },
    "1168908072480157907": {
        "channel": []
    },
    "1125240339955974177": {
        "channel": []
    },
    "1171803008221335624": {
        "channel": []
    },
    "1174360039486660778": {
        "channel": []
    },
    "1141339221181874237": {
        "channel": []
    },
    "1172038033109950554": {
        "channel": []
    },
    "1168866484328599643": {
        "channel": []
    },
    "1154800254462468118": {
        "channel": []
    },
    "1162588124086546527": {
        "channel": []
    },
    "1176138557669261333": {
        "channel": []
    },
    "1105199688287801435": {
        "channel": []
    },
    "1171663874773241866": {
        "channel": []
    },
    "1044934824001019905": {
        "channel": []
    },
    "1177070266430521375": {
        "channel": []
    },
    "1174985734734741615": {
        "channel": []
    },
    "1175348467544109146": {
        "channel": []
    },
    "1079329654197981204": {
        "channel": []
    },
    "1178652723420352532": {
        "channel": []
    },
    "1176545169747759184": {
        "channel": []
    },
    "843855196262367262": {
        "channel": []
    },
    "1024231209926144000": {
        "channel": []
    },
    "1178702391332319313": {
        "channel": []
    },
    "1052044209454067712": {
        "channel": []
    },
    "1103955836633632798": {
        "channel": []
    },
    "1175108486091264150": {
        "channel": []
    },
    "910890361264672818": {
        "channel": []
    },
    "1179977813894381568": {
        "channel": []
    },
    "1157604116885930067": {
        "channel": []
    },
    "1165695482794872953": {
        "channel": []
    },
    "1174350085627334686": {
        "channel": []
    },
    "1178315745977974835": {
        "channel": []
    },
    "1180505089627140227": {
        "channel": []
    },
    "1070272268615290900": {
        "channel": []
    },
    "1162217933095845969": {
        "channel": []
    },
    "1139659684001890354": {
        "channel": []
    },
    "1166351943434780755": {
        "channel": []
    },
    "1181996312338628688": {
        "channel": []
    },
    "1182307901692461056": {
        "channel": []
    },
    "1177577097942814730": {
        "channel": []
    },
    "1106983544410079292": {
        "channel": []
    },
    "1158665068720947321": {
        "channel": []
    },
    "1183127863185125556": {
        "channel": []
    },
    "1112725767680442392": {
        "channel": []
    },
    "1185253334001659934": {
        "channel": []
    },
    "1075834203310149683": {
        "channel": []
    },
    "1151847901300006922": {
        "channel": []
    },
    "1185612129001287892": {
        "channel": []
    },
    "1186682697242918994": {
        "channel": []
    },
    "1083690332027363338": {
        "channel": []
    },
    "1163309737979424868": {
        "channel": []
    },
    "1178054201574686761": {
        "channel": []
    },
    "1148113389252522074": {
        "channel": []
    },
    "1185830314002624605": {
        "channel": []
    },
    "1189232736234389554": {
        "channel": []
    },
    "1178728747126497420": {
        "channel": []
    },
    "1177891970467774464": {
        "channel": []
    },
    "1192226735106830489": {
        "channel": []
    },
    "1192308783158939698": {
        "channel": []
    },
    "1194558412843925534": {
        "channel": []
    },
    "1188012992638492712": {
        "channel": []
    },
    "1196102376067698789": {
        "channel": []
    },
    "1182950641354686474": {
        "channel": []
    },
    "1197237135204438136": {
        "channel": []
    },
    "1114869601172475937": {
        "channel": []
    },
    "1198726795399274526": {
        "channel": []
    },
    "1185256939471515699": {
        "channel": []
    },
    "1199799457059971245": {
        "channel": []
    },
    "1199682899876786216": {
        "channel": []
    },
    "1200445209914384548": {
        "channel": []
    },
    "1185135620625010688": {
        "channel": []
    },
    "1200642505281118289": {
        "channel": []
    },
    "1200872887456903258": {
        "channel": []
    },
    "1202617100615815188": {
        "channel": []
    },
    "1200454134067904613": {
        "channel": []
    },
    "1203307881890451476": {
        "channel": []
    },
    "1195313653000441906": {
        "channel": [
            1202311014784450690,
            1203752163348586517
        ]
    },
    "1203726164972277770": {
        "channel": []
    },
    "1119264520779608086": {
        "channel": []
    },
    "1197073437634592889": {
        "channel": []
    },
    "1190973441327763466": {
        "channel": []
    },
    "1200043133799497789": {
        "channel": []
    },
    "1117058749673263215": {
        "channel": []
    },
    "1202630404188803073": {
        "channel": []
    },
    "1205781346941800458": {
        "channel": []
    },
    "1199775388063236186": {
        "channel": []
    },
    "1191910254062084136": {
        "channel": []
    },
    "1209887049570586654": {
        "channel": [
            1212734729225510922
        ]
    },
    "1154800059175686225": {
        "channel": [
            1154800059205025851
        ]
    },
    "1127115529660944436": {
        "channel": []
    },
    "1213097023830622258": {
        "channel": []
    },
    "1208711268375076874": {
        "channel": []
    },
    "1215299399018614784": {
        "channel": []
    },
    "1214636190364467270": {
        "channel": []
    },
    "1215932150382067762": {
        "channel": []
    },
    "1215703401967648778": {
        "channel": []
    },
    "1212701214198861835": {
        "channel": []
    },
    "1202301962796929114": {
        "channel": []
    },
    "1216340127488413736": {
        "channel": []
    },
    "1189780529432756234": {
        "channel": []
    },
    "1190588621456150638": {
        "channel": []
    },
    "1216220565199917137": {
        "channel": []
    },
    "1217654462815014972": {
        "channel": []
    },
    "1092441963208396800": {
        "channel": []
    },
    "1097078597820362792": {
        "channel": []
    },
    "1204985882210476102": {
        "channel": []
    },
    "1220954370720403456": {
        "channel": []
    },
    "1082870395042013285": {
        "channel": []
    },
    "1217987734350725150": {
        "channel": []
    },
    "1220798250039382107": {
        "channel": []
    },
    "1213450503174881291": {
        "channel": []
    },
    "1214240721788346391": {
        "channel": []
    },
    "1218414000405090404": {
        "channel": []
    },
    "1224754432747765801": {
        "channel": []
    },
    "1018786418065158154": {
        "channel": [
            1161368173623398471
        ]
    },
    "1214079284969218089": {
        "channel": []
    },
    "1222083230321082419": {
        "channel": []
    },
    "1224676100161011734": {
        "channel": []
    },
    "1233061227262115990": {
        "channel": []
    },
    "1183723670103916574": {
        "channel": []
    },
    "1222382011662991530": {
        "channel": []
    },
    "1222947836262617159": {
        "channel": []
    },
    "1230888623264497664": {
        "channel": []
    },
    "1222847334031818804": {
        "channel": []
    },
    "1235851654776225844": {
        "channel": []
    },
    "1234420264842825728": {
        "channel": []
    },
    "1236504063902748709": {
        "channel": []
    },
    "1234396388763369544": {
        "channel": []
    },
    "1201881560421240943": {
        "channel": []
    },
    "1213031994728906764": {
        "channel": []
    },
    "1201056648727384124": {
        "channel": []
    },
    "1180595466270933072": {
        "channel": []
    },
    "1237390122035576873": {
        "channel": []
    },
    "1188796562093129728": {
        "channel": []
    },
    "1226405908477775872": {
        "channel": []
    },
    "1141310788896833618": {
        "channel": []
    },
    "1238428864149983286": {
        "channel": []
    },
    "1235168871061782598": {
        "channel": []
    },
    "1234470154155589703": {
        "channel": []
    },
    "1212257716190322778": {
        "channel": []
    },
    "1214159614916960296": {
        "channel": []
    },
    "1172416240128630805": {
        "channel": []
    },
    "1239229701583671337": {
        "channel": []
    },
    "1226467339055403048": {
        "channel": []
    },
    "1242747853319966720": {
        "channel": []
    },
    "1230188338799972494": {
        "channel": []
    },
    "1243455706334629930": {
        "channel": []
    },
    "1239483491507245056": {
        "channel": []
    },
    "1243948133080105142": {
        "channel": []
    },
    "1137109062706806874": {
        "channel": []
    },
    "1228291087907557437": {
        "channel": []
    },
    "1216729748961759374": {
        "channel": []
    },
    "1152629510982873150": {
        "channel": []
    },
    "1243071189769785358": {
        "channel": []
    },
    "877440850337079326": {
        "channel": []
    },
    "1246745345388707882": {
        "channel": []
    },
    "1240698073089441792": {
        "channel": []
    },
    "1098268290276671549": {
        "channel": []
    },
    "1206117905721204737": {
        "channel": []
    },
    "1249007965583966354": {
        "channel": []
    },
    "1240462745019617373": {
        "channel": []
    },
    "1250005199880192010": {
        "channel": []
    },
    "1208334757042192454": {
        "channel": []
    },
    "1226815185835266080": {
        "channel": []
    },
    "1213802971633029161": {
        "channel": []
    },
    "1254274660627906621": {
        "channel": []
    },
    "333949691962195969": {
        "channel": []
    },
    "1240351902835933335": {
        "channel": []
    },
    "1241826105120391188": {
        "channel": []
    },
    "1181603929650368573": {
        "channel": []
    },
    "1245663850632843264": {
        "channel": []
    },
    "1254468981662679193": {
        "channel": []
    },
    "1255673457883217942": {
        "channel": []
    },
    "1201078733759598614": {
        "channel": []
    },
    "1253891324890054656": {
        "channel": []
    },
    "1211038750201610280": {
        "channel": []
    },
    "1256250880856953054": {
        "channel": []
    },
    "1251469558175498361": {
        "channel": []
    },
    "1256862126006472765": {
        "channel": []
    },
    "1254862389367672924": {
        "channel": []
    },
    "1256931172949164073": {
        "channel": []
    },
    "1131844898430124052": {
        "channel": []
    },
    "1252221032245362727": {
        "channel": []
    },
    "955116926630248449": {
        "channel": []
    },
    "1254312177519824946": {
        "channel": []
    },
    "1254674100136185856": {
        "channel": []
    },
    "1257383294106865674": {
        "channel": []
    },
    "1257728749340987522": {
        "channel": []
    },
    "951857762177015840": {
        "channel": []
    },
    "1231798324026282125": {
        "channel": []
    },
    "1259795439918645350": {
        "channel": []
    },
    "1239622750503571558": {
        "channel": []
    },
    "1260564730058113035": {
        "channel": []
    },
    "1261303555709734922": {
        "channel": []
    }
}