{
    "guilds": {
        "1100270511780548648": {
            "humanautoroles": [],
            "botautoroles": []
        },
        "737339382012575814": {
            "humanautoroles": [],
            "botautoroles": []
        },
        "1020370471528714338": {
            "humanautoroles": [],
            "botautoroles": []
        },
        "1031166309049843723": {
            "humanautoroles": [],
            "botautoroles": []
        },
        "1077595979068481577": {
            "humanautoroles": [],
            "botautoroles": []
        },
        "1090614458830815232": {
            "humanautoroles": [],
            "botautoroles": []
        },
        "1094544168224837694": {
            "humanautoroles": [],
            "botautoroles": []
        },
        "1096737019356528734": {
            "humanautoroles": [],
            "botautoroles": []
        },
        "1097149072311324722": {
            "humanautoroles": [],
            "botautoroles": []
        },
        "1097627209788817469": {
            "humanautoroles": [],
            "botautoroles": []
        },
        "1097807819589287958": {
            "humanautoroles": [],
            "botautoroles": []
        },
        "1101780420426727434": {
            "humanautoroles": [],
            "botautoroles": []
        },
        "1109011570052300814": {
            "humanautoroles": [],
            "botautoroles": []
        },
        "999984136888528926": {
            "humanautoroles": [
                "1115295535356710982",
                "1115295580093153280"
            ],
            "botautoroles": []
        },
        "1107597502460477490": {
            "humanautoroles": [],
            "botautoroles": []
        },
        "1051863680679157770": {
            "humanautoroles": [],
            "botautoroles": []
        },
        "1096339556741169162": {
            "humanautoroles": [],
            "botautoroles": []
        },
        "981969060554215454": {
            "humanautoroles": [],
            "botautoroles": []
        },
        "974331692984705035": {
            "humanautoroles": [],
            "botautoroles": []
        },
        "1083268432088285235": {
            "humanautoroles": [],
            "botautoroles": []
        },
        "1082578132881645608": {
            "humanautoroles": [],
            "botautoroles": []
        },
        "1113149973580742719": {
            "humanautoroles": [],
            "botautoroles": []
        },
        "1100518234819674303": {
            "humanautoroles": [],
            "botautoroles": []
        },
        "1104468143172235436": {
            "humanautoroles": [],
            "botautoroles": []
        },
        "881174167922278452": {
            "humanautoroles": [],
            "botautoroles": []
        },
        "1034812905331380244": {
            "humanautoroles": [],
            "botautoroles": []
        },
        "1056480393701892137": {
            "humanautoroles": [],
            "botautoroles": []
        },
        "1086290596873900122": {
            "humanautoroles": [],
            "botautoroles": []
        },
        "1042722831861022770": {
            "humanautoroles": [],
            "botautoroles": []
        },
        "1019983204721098795": {
            "humanautoroles": [],
            "botautoroles": []
        },
        "1062765865432531084": {
            "humanautoroles": [],
            "botautoroles": []
        },
        "1110980317453484114": {
            "humanautoroles": [],
            "botautoroles": []
        },
        "1023603628986093678": {
            "humanautoroles": [],
            "botautoroles": []
        },
        "1099886009371590738": {
            "humanautoroles": [],
            "botautoroles": []
        },
        "1028913190005907507": {
            "humanautoroles": [],
            "botautoroles": []
        },
        "1101475173242241104": {
            "humanautoroles": [],
            "botautoroles": []
        },
        "1113163983642439791": {
            "humanautoroles": [],
            "botautoroles": []
        },
        "1108208675610427425": {
            "humanautoroles": [],
            "botautoroles": []
        },
        "1116343400464121866": {
            "humanautoroles": [],
            "botautoroles": []
        },
        "1097415717659345038": {
            "humanautoroles": [],
            "botautoroles": []
        },
        "1109448739443179552": {
            "humanautoroles": [],
            "botautoroles": []
        },
        "1116448751008100395": {
            "humanautoroles": [],
            "botautoroles": []
        },
        "963327513558384640": {
            "humanautoroles": [],
            "botautoroles": []
        },
        "1063463915104776202": {
            "humanautoroles": [],
            "botautoroles": []
        },
        "1116587036237901874": {
            "humanautoroles": [],
            "botautoroles": []
        },
        "1110628631132246116": {
            "humanautoroles": [],
            "botautoroles": []
        },
        "1115904704589865031": {
            "humanautoroles": [],
            "botautoroles": []
        },
        "1050406371285291078": {
            "humanautoroles": [],
            "botautoroles": []
        },
        "869017715896111134": {
            "humanautoroles": [],
            "botautoroles": []
        },
        "1116914286002974801": {
            "humanautoroles": [],
            "botautoroles": []
        },
        "963386750900781106": {
            "humanautoroles": [],
            "botautoroles": []
        },
        "1117587634022260848": {
            "humanautoroles": [],
            "botautoroles": []
        },
        "1089264811419901994": {
            "humanautoroles": [
                "1118054615678722048",
                "1123275046044053565"
            ],
            "botautoroles": []
        },
        "1114155982445088888": {
            "humanautoroles": [],
            "botautoroles": []
        },
        "1097492763941032067": {
            "humanautoroles": [],
            "botautoroles": []
        },
        "1108029039274364988": {
            "humanautoroles": [
                "1119504934874918972"
            ],
            "botautoroles": []
        },
        "1118238964697022537": {
            "humanautoroles": [],
            "botautoroles": []
        },
        "1114859189571944534": {
            "humanautoroles": [],
            "botautoroles": []
        },
        "1111934590299414539": {
            "humanautoroles": [],
            "botautoroles": []
        },
        "1114932690861441154": {
            "humanautoroles": [],
            "botautoroles": []
        },
        "1101471422724972584": {
            "humanautoroles": [],
            "botautoroles": []
        },
        "1109118637211668539": {
            "humanautoroles": [],
            "botautoroles": []
        },
        "1075033730214797402": {
            "humanautoroles": [],
            "botautoroles": []
        },
        "1082694597018398840": {
            "humanautoroles": [],
            "botautoroles": []
        },
        "1117025831194202153": {
            "humanautoroles": [],
            "botautoroles": []
        },
        "1093709637703962634": {
            "humanautoroles": [],
            "botautoroles": []
        },
        "993867160873095208": {
            "humanautoroles": [],
            "botautoroles": []
        },
        "1045009818181705849": {
            "humanautoroles": [],
            "botautoroles": []
        },
        "1013029443607990352": {
            "humanautoroles": [],
            "botautoroles": []
        },
        "976425632961548308": {
            "humanautoroles": [],
            "botautoroles": []
        },
        "939923505070342174": {
            "humanautoroles": [],
            "botautoroles": []
        },
        "1095000198314475604": {
            "humanautoroles": [],
            "botautoroles": []
        },
        "333949691962195969": {
            "humanautoroles": [],
            "botautoroles": []
        },
        "1050949626863300608": {
            "humanautoroles": [],
            "botautoroles": []
        },
        "1063512436868657252": {
            "humanautoroles": [],
            "botautoroles": []
        },
        "1098373802037084161": {
            "humanautoroles": [],
            "botautoroles": []
        },
        "1075293543331008634": {
            "humanautoroles": [],
            "botautoroles": []
        },
        "1079963339737813022": {
            "humanautoroles": [],
            "botautoroles": []
        },
        "1079963340035592282": {
            "humanautoroles": [],
            "botautoroles": []
        },
        "1079963339775541311": {
            "humanautoroles": [],
            "botautoroles": []
        },
        "1119369135416160257": {
            "humanautoroles": [],
            "botautoroles": []
        },
        "303095411655311370": {
            "humanautoroles": [],
            "botautoroles": []
        },
        "1105873838903926844": {
            "humanautoroles": [],
            "botautoroles": []
        },
        "1106126520629592124": {
            "humanautoroles": [],
            "botautoroles": []
        },
        "877276106745593926": {
            "humanautoroles": [],
            "botautoroles": []
        },
        "877837063532191775": {
            "humanautoroles": [],
            "botautoroles": []
        },
        "1102158823705301012": {
            "humanautoroles": [],
            "botautoroles": []
        },
        "1091308493862080532": {
            "humanautoroles": [],
            "botautoroles": []
        },
        "963384250235764756": {
            "humanautoroles": [],
            "botautoroles": []
        },
        "1096807192620978196": {
            "humanautoroles": [],
            "botautoroles": []
        },
        "1093986355580768269": {
            "humanautoroles": [],
            "botautoroles": []
        },
        "786889267409453057": {
            "humanautoroles": [],
            "botautoroles": []
        },
        "1039849748036857866": {
            "humanautoroles": [],
            "botautoroles": []
        },
        "1059738604907266058": {
            "humanautoroles": [],
            "botautoroles": []
        },
        "846883824885563442": {
            "humanautoroles": [],
            "botautoroles": []
        },
        "1059738481993187428": {
            "humanautoroles": [],
            "botautoroles": []
        },
        "999915670349299752": {
            "humanautoroles": [],
            "botautoroles": []
        },
        "1031028540331802724": {
            "humanautoroles": [],
            "botautoroles": []
        },
        "903713535782170634": {
            "humanautoroles": [],
            "botautoroles": []
        },
        "949977417177505792": {
            "humanautoroles": [],
            "botautoroles": []
        },
        "1059671410471092264": {
            "humanautoroles": [],
            "botautoroles": []
        },
        "1059713157582565416": {
            "humanautoroles": [],
            "botautoroles": []
        },
        "1026134127512129676": {
            "humanautoroles": [],
            "botautoroles": []
        },
        "1050036720298639410": {
            "humanautoroles": [],
            "botautoroles": []
        },
        "1059713068168392754": {
            "humanautoroles": [],
            "botautoroles": []
        },
        "1120243450290372678": {
            "humanautoroles": [
                "1120277994527801344"
            ],
            "botautoroles": []
        },
        "1039851870480511058": {
            "humanautoroles": [],
            "botautoroles": []
        },
        "1039932485506699364": {
            "humanautoroles": [],
            "botautoroles": []
        },
        "1039896503549968428": {
            "humanautoroles": [],
            "botautoroles": []
        },
        "1051560070183391285": {
            "humanautoroles": [],
            "botautoroles": []
        },
        "1087846699684347986": {
            "humanautoroles": [],
            "botautoroles": []
        },
        "1009423044063789057": {
            "humanautoroles": [],
            "botautoroles": []
        },
        "1067141640759812198": {
            "humanautoroles": [],
            "botautoroles": []
        },
        "1112767189854990348": {
            "humanautoroles": [],
            "botautoroles": []
        },
        "1106224980380893254": {
            "humanautoroles": [],
            "botautoroles": []
        },
        "1112339845344395375": {
            "humanautoroles": [],
            "botautoroles": []
        },
        "1086556813945733201": {
            "humanautoroles": [],
            "botautoroles": []
        },
        "984397451844808725": {
            "humanautoroles": [],
            "botautoroles": []
        },
        "1119263839184240770": {
            "humanautoroles": [],
            "botautoroles": []
        },
        "1095563341700792332": {
            "humanautoroles": [],
            "botautoroles": []
        },
        "1097068751289069630": {
            "humanautoroles": [],
            "botautoroles": []
        },
        "1111973276470759454": {
            "humanautoroles": [],
            "botautoroles": []
        },
        "1059738606249463859": {
            "humanautoroles": [],
            "botautoroles": []
        },
        "1059705014035169280": {
            "humanautoroles": [],
            "botautoroles": []
        },
        "937366656181739570": {
            "humanautoroles": [],
            "botautoroles": []
        },
        "1121351778903007234": {
            "humanautoroles": [],
            "botautoroles": []
        },
        "1119867094574571591": {
            "humanautoroles": [
                "1119881514428141598"
            ],
            "botautoroles": []
        },
        "1096110471100252181": {
            "humanautoroles": [],
            "botautoroles": []
        },
        "1120589155232133242": {
            "humanautoroles": [],
            "botautoroles": []
        },
        "1120635906496417863": {
            "humanautoroles": [],
            "botautoroles": []
        },
        "1104650434003599390": {
            "humanautoroles": [],
            "botautoroles": []
        },
        "1121649751297904720": {
            "humanautoroles": [],
            "botautoroles": []
        },
        "1121021422467301456": {
            "humanautoroles": [],
            "botautoroles": []
        },
        "1005882198580281445": {
            "humanautoroles": [],
            "botautoroles": []
        },
        "1013857318032650300": {
            "humanautoroles": [],
            "botautoroles": []
        },
        "1101523239202725969": {
            "humanautoroles": [],
            "botautoroles": []
        },
        "967243130623639565": {
            "humanautoroles": [],
            "botautoroles": []
        },
        "1112043274555904082": {
            "humanautoroles": [],
            "botautoroles": []
        },
        "1109097757567885362": {
            "humanautoroles": [],
            "botautoroles": []
        },
        "1100999194573025300": {
            "humanautoroles": [],
            "botautoroles": []
        },
        "1116665202029633546": {
            "humanautoroles": [],
            "botautoroles": []
        },
        "1122544400883515454": {
            "humanautoroles": [],
            "botautoroles": []
        },
        "1123284815450493050": {
            "humanautoroles": [],
            "botautoroles": []
        },
        "1067845408082116668": {
            "humanautoroles": [],
            "botautoroles": []
        },
        "1123852398444695683": {
            "humanautoroles": [],
            "botautoroles": []
        },
        "987235625184952320": {
            "humanautoroles": [],
            "botautoroles": []
        },
        "1107640507498254357": {
            "humanautoroles": [],
            "botautoroles": []
        },
        "1103688538492506194": {
            "humanautoroles": [],
            "botautoroles": []
        },
        "1115349498177269771": {
            "humanautoroles": [],
            "botautoroles": []
        },
        "1120203152680038452": {
            "humanautoroles": [],
            "botautoroles": []
        },
        "915639081554305085": {
            "humanautoroles": [],
            "botautoroles": []
        },
        "1113928498730500176": {
            "humanautoroles": [],
            "botautoroles": []
        },
        "1059565369871826944": {
            "humanautoroles": [],
            "botautoroles": []
        },
        "1124226470550708344": {
            "humanautoroles": [],
            "botautoroles": []
        },
        "1068877315796373524": {
            "humanautoroles": [],
            "botautoroles": []
        },
        "1125844414212874240": {
            "humanautoroles": [],
            "botautoroles": []
        },
        "1045261820170096721": {
            "humanautoroles": [],
            "botautoroles": []
        },
        "1101075855217795072": {
            "humanautoroles": [],
            "botautoroles": []
        },
        "1126537442363723908": {
            "humanautoroles": [],
            "botautoroles": []
        },
        "1118746332174225459": {
            "humanautoroles": [],
            "botautoroles": []
        },
        "1127499052641157170": {
            "humanautoroles": [],
            "botautoroles": []
        },
        "728156559842213909": {
            "humanautoroles": [],
            "botautoroles": []
        },
        "827546608999727162": {
            "humanautoroles": [],
            "botautoroles": []
        },
        "992790133399101490": {
            "humanautoroles": [],
            "botautoroles": []
        },
        "1051446562171138108": {
            "humanautoroles": [],
            "botautoroles": []
        },
        "1127166489615667281": {
            "humanautoroles": [],
            "botautoroles": []
        },
        "1127114640158117920": {
            "humanautoroles": [],
            "botautoroles": []
        },
        "793029744769368084": {
            "humanautoroles": [],
            "botautoroles": []
        },
        "983132734820081694": {
            "humanautoroles": [],
            "botautoroles": []
        },
        "1119523447232532500": {
            "humanautoroles": [],
            "botautoroles": []
        },
        "1124428204145381417": {
            "humanautoroles": [],
            "botautoroles": []
        },
        "1087105762003783791": {
            "humanautoroles": [],
            "botautoroles": []
        },
        "1126518553928007690": {
            "humanautoroles": [],
            "botautoroles": []
        },
        "996905109898403960": {
            "humanautoroles": [],
            "botautoroles": []
        },
        "1068961437092941835": {
            "humanautoroles": [],
            "botautoroles": []
        },
        "963087482071711745": {
            "humanautoroles": [],
            "botautoroles": []
        },
        "1130008449355362326": {
            "humanautoroles": [],
            "botautoroles": []
        },
        "1130008389288734759": {
            "humanautoroles": [],
            "botautoroles": []
        },
        "1130008614036320406": {
            "humanautoroles": [],
            "botautoroles": []
        },
        "1130008530745835610": {
            "humanautoroles": [],
            "botautoroles": []
        },
        "1130009946168250378": {
            "humanautoroles": [],
            "botautoroles": []
        },
        "1130009816983687178": {
            "humanautoroles": [],
            "botautoroles": []
        },
        "1130010092390060143": {
            "humanautoroles": [],
            "botautoroles": []
        },
        "1130009873875206196": {
            "humanautoroles": [],
            "botautoroles": []
        },
        "1127982260033949757": {
            "humanautoroles": [],
            "botautoroles": []
        },
        "1123652464831365181": {
            "humanautoroles": [],
            "botautoroles": []
        },
        "783335167636275210": {
            "humanautoroles": [],
            "botautoroles": []
        },
        "853274104067784745": {
            "humanautoroles": [],
            "botautoroles": []
        },
        "1129775447492796538": {
            "humanautoroles": [],
            "botautoroles": []
        },
        "1048078449945870386": {
            "humanautoroles": [],
            "botautoroles": []
        },
        "1117100101526102027": {
            "humanautoroles": [],
            "botautoroles": []
        },
        "1127499964008902689": {
            "humanautoroles": [],
            "botautoroles": []
        },
        "1129777490546671739": {
            "humanautoroles": [],
            "botautoroles": []
        },
        "1131249235770212553": {
            "humanautoroles": [],
            "botautoroles": []
        },
        "1131674656806535312": {
            "humanautoroles": [],
            "botautoroles": []
        },
        "1075478176165273600": {
            "humanautoroles": [],
            "botautoroles": []
        },
        "874049591216046122": {
            "humanautoroles": [],
            "botautoroles": []
        },
        "1130111797320491018": {
            "humanautoroles": [],
            "botautoroles": []
        },
        "1103591679103082567": {
            "humanautoroles": [],
            "botautoroles": []
        },
        "1127579199910199377": {
            "humanautoroles": [],
            "botautoroles": []
        },
        "1128359239144968313": {
            "humanautoroles": [],
            "botautoroles": []
        },
        "1134140117087441086": {
            "humanautoroles": [],
            "botautoroles": []
        },
        "582435622246154260": {
            "humanautoroles": [],
            "botautoroles": []
        },
        "1131324756298301440": {
            "humanautoroles": [],
            "botautoroles": []
        },
        "1117692073974439936": {
            "humanautoroles": [],
            "botautoroles": []
        },
        "1118382830284701789": {
            "humanautoroles": [],
            "botautoroles": []
        },
        "1125046317870227537": {
            "humanautoroles": [],
            "botautoroles": []
        },
        "1136698944630562898": {
            "humanautoroles": [],
            "botautoroles": []
        },
        "1134558980300083342": {
            "humanautoroles": [],
            "botautoroles": []
        },
        "1137758438856871936": {
            "humanautoroles": [],
            "botautoroles": []
        },
        "1111316312694739125": {
            "humanautoroles": [],
            "botautoroles": []
        },
        "1137583020199657592": {
            "humanautoroles": [],
            "botautoroles": []
        },
        "1138418369087934556": {
            "humanautoroles": [],
            "botautoroles": []
        },
        "1138517713736699934": {
            "humanautoroles": [],
            "botautoroles": []
        },
        "1124568373364273163": {
            "humanautoroles": [],
            "botautoroles": []
        },
        "1138818346134024254": {
            "humanautoroles": [],
            "botautoroles": []
        },
        "1098865280672870420": {
            "humanautoroles": [],
            "botautoroles": []
        },
        "1118567893890764830": {
            "humanautoroles": [],
            "botautoroles": []
        },
        "1115016786518220860": {
            "humanautoroles": [],
            "botautoroles": []
        },
        "1127821015091777567": {
            "humanautoroles": [],
            "botautoroles": []
        },
        "1089105945667326052": {
            "humanautoroles": [],
            "botautoroles": []
        },
        "964759122299994173": {
            "humanautoroles": [],
            "botautoroles": []
        },
        "961383743086530621": {
            "humanautoroles": [],
            "botautoroles": []
        },
        "1123536736643981372": {
            "humanautoroles": [],
            "botautoroles": []
        },
        "1134101550571200533": {
            "humanautoroles": [],
            "botautoroles": []
        },
        "1103995360860446730": {
            "humanautoroles": [],
            "botautoroles": []
        },
        "1128930653132554241": {
            "humanautoroles": [],
            "botautoroles": []
        },
        "1134901013048987830": {
            "humanautoroles": [],
            "botautoroles": []
        },
        "1126425515033636924": {
            "humanautoroles": [],
            "botautoroles": []
        },
        "1096005395153162290": {
            "humanautoroles": [],
            "botautoroles": []
        },
        "1103508977582612583": {
            "humanautoroles": [],
            "botautoroles": []
        },
        "1097092094415339660": {
            "humanautoroles": [],
            "botautoroles": []
        },
        "1116962147302375444": {
            "humanautoroles": [],
            "botautoroles": []
        },
        "1127982736704032788": {
            "humanautoroles": [],
            "botautoroles": []
        },
        "1092329346011758592": {
            "humanautoroles": [],
            "botautoroles": []
        },
        "918074824792887326": {
            "humanautoroles": [],
            "botautoroles": []
        },
        "1124379502626226196": {
            "humanautoroles": [],
            "botautoroles": []
        },
        "1125007029107437658": {
            "humanautoroles": [],
            "botautoroles": []
        },
        "1099166454898753557": {
            "humanautoroles": [],
            "botautoroles": []
        },
        "1132201880949362800": {
            "humanautoroles": [],
            "botautoroles": []
        },
        "1129330605889421346": {
            "humanautoroles": [],
            "botautoroles": []
        },
        "1111312240667263069": {
            "humanautoroles": [],
            "botautoroles": []
        },
        "1127847498283749376": {
            "humanautoroles": [],
            "botautoroles": []
        },
        "1137311715185393734": {
            "humanautoroles": [],
            "botautoroles": []
        },
        "1114247078571413604": {
            "humanautoroles": [],
            "botautoroles": []
        },
        "1059870412500107485": {
            "humanautoroles": [],
            "botautoroles": []
        },
        "1116642207928172604": {
            "humanautoroles": [],
            "botautoroles": []
        },
        "1105845263152709752": {
            "humanautoroles": [],
            "botautoroles": []
        },
        "1103192156258193420": {
            "humanautoroles": [],
            "botautoroles": []
        },
        "1090480180369297408": {
            "humanautoroles": [],
            "botautoroles": []
        },
        "1116347849865711656": {
            "humanautoroles": [],
            "botautoroles": []
        },
        "1129349622331093072": {
            "humanautoroles": [],
            "botautoroles": []
        },
        "1129484017054519327": {
            "humanautoroles": [],
            "botautoroles": []
        },
        "1097130953488486430": {
            "humanautoroles": [],
            "botautoroles": []
        },
        "1132917610724458508": {
            "humanautoroles": [],
            "botautoroles": []
        },
        "1071807677145030857": {
            "humanautoroles": [],
            "botautoroles": []
        },
        "1084904458653278319": {
            "humanautoroles": [],
            "botautoroles": []
        },
        "1127113815671177250": {
            "humanautoroles": [],
            "botautoroles": []
        },
        "1137624387047133285": {
            "humanautoroles": [],
            "botautoroles": []
        },
        "1138812160533856257": {
            "humanautoroles": [],
            "botautoroles": []
        },
        "1139545420457062443": {
            "humanautoroles": [],
            "botautoroles": []
        },
        "1141918736190808084": {
            "humanautoroles": [],
            "botautoroles": []
        },
        "1082998491044925460": {
            "humanautoroles": [],
            "botautoroles": []
        },
        "1143834278015283250": {
            "humanautoroles": [
                "1143925182105407488"
            ],
            "botautoroles": []
        },
        "1134256055174566042": {
            "humanautoroles": [],
            "botautoroles": []
        },
        "1140633229204934697": {
            "humanautoroles": [],
            "botautoroles": []
        },
        "1106228523384983623": {
            "humanautoroles": [],
            "botautoroles": []
        },
        "1143575104362647563": {
            "humanautoroles": [],
            "botautoroles": []
        },
        "1113394921840316506": {
            "humanautoroles": [],
            "botautoroles": []
        },
        "1034808374975537203": {
            "humanautoroles": [
                "1217297049704333375"
            ],
            "botautoroles": [
                "1217296936219050045"
            ]
        },
        "1149302416831938611": {
            "humanautoroles": [],
            "botautoroles": []
        },
        "1146113005503909991": {
            "humanautoroles": [],
            "botautoroles": []
        },
        "1092749835247030363": {
            "humanautoroles": [
                "1099393754319827005",
                "1152170193980751972"
            ],
            "botautoroles": [
                "1094295832313987215",
                "1152170194848989225"
            ]
        },
        "1126805369021280286": {
            "humanautoroles": [],
            "botautoroles": []
        },
        "1061154310118985768": {
            "humanautoroles": [],
            "botautoroles": []
        },
        "1143474407696760886": {
            "humanautoroles": [],
            "botautoroles": []
        },
        "1141067216071180288": {
            "humanautoroles": [],
            "botautoroles": []
        },
        "1149016977139052625": {
            "humanautoroles": [
                "1149016977164214344"
            ],
            "botautoroles": []
        },
        "1098836612198178887": {
            "humanautoroles": [],
            "botautoroles": []
        },
        "1139934097507102722": {
            "humanautoroles": [],
            "botautoroles": []
        },
        "1151096223198093424": {
            "humanautoroles": [],
            "botautoroles": []
        },
        "1151165338394820708": {
            "humanautoroles": [],
            "botautoroles": []
        },
        "1151166228694577243": {
            "humanautoroles": [],
            "botautoroles": []
        },
        "1152473069563158548": {
            "humanautoroles": [],
            "botautoroles": []
        },
        "1152286925219188817": {
            "humanautoroles": [],
            "botautoroles": []
        },
        "1152920798340853810": {
            "humanautoroles": [],
            "botautoroles": []
        },
        "1136344175147765971": {
            "humanautoroles": [],
            "botautoroles": []
        },
        "1153672791913148429": {
            "humanautoroles": [],
            "botautoroles": []
        },
        "1106216568288985109": {
            "humanautoroles": [],
            "botautoroles": []
        },
        "1104984401374367845": {
            "humanautoroles": [
                "1154351745170931733"
            ],
            "botautoroles": []
        },
        "1147530120538632312": {
            "humanautoroles": [],
            "botautoroles": []
        },
        "1130934104213438575": {
            "humanautoroles": [],
            "botautoroles": []
        },
        "1092764717933678622": {
            "humanautoroles": [],
            "botautoroles": []
        },
        "1153159223950180422": {
            "humanautoroles": [],
            "botautoroles": []
        },
        "1087321654851534959": {
            "humanautoroles": [],
            "botautoroles": []
        },
        "1152902140201803877": {
            "humanautoroles": [],
            "botautoroles": []
        },
        "1155482177933410345": {
            "humanautoroles": [],
            "botautoroles": []
        },
        "1139625619496382577": {
            "humanautoroles": [],
            "botautoroles": []
        },
        "1154700827848626216": {
            "humanautoroles": [
                "1154703642646028289"
            ],
            "botautoroles": []
        },
        "1122553244518977657": {
            "humanautoroles": [],
            "botautoroles": []
        },
        "1140228374246215710": {
            "humanautoroles": [],
            "botautoroles": []
        },
        "1154993393156493312": {
            "humanautoroles": [],
            "botautoroles": []
        },
        "1156964574784921642": {
            "humanautoroles": [],
            "botautoroles": []
        },
        "1156265888459272282": {
            "humanautoroles": [],
            "botautoroles": []
        },
        "1155342397069344828": {
            "humanautoroles": [],
            "botautoroles": []
        },
        "1155342849055928393": {
            "humanautoroles": [],
            "botautoroles": []
        },
        "1138081215560302622": {
            "humanautoroles": [],
            "botautoroles": []
        },
        "1148979589310328882": {
            "humanautoroles": [
                "1162705400953581698"
            ],
            "botautoroles": [
                "1162705401893101568"
            ]
        },
        "1129358928438886442": {
            "humanautoroles": [],
            "botautoroles": []
        },
        "1149250371148058705": {
            "humanautoroles": [],
            "botautoroles": []
        },
        "1157240238402453506": {
            "humanautoroles": [],
            "botautoroles": []
        },
        "1158779054351188100": {
            "humanautoroles": [],
            "botautoroles": []
        },
        "1083756925885358182": {
            "humanautoroles": [],
            "botautoroles": []
        },
        "1138044313184518184": {
            "humanautoroles": [],
            "botautoroles": []
        },
        "1150719614884511776": {
            "humanautoroles": [],
            "botautoroles": []
        },
        "1158595533015887975": {
            "humanautoroles": [],
            "botautoroles": []
        },
        "1127636397377994943": {
            "humanautoroles": [],
            "botautoroles": []
        },
        "1157749985736146998": {
            "humanautoroles": [],
            "botautoroles": []
        },
        "1146431321544069190": {
            "humanautoroles": [],
            "botautoroles": []
        },
        "1149235349088915567": {
            "humanautoroles": [],
            "botautoroles": []
        },
        "1149635267641212978": {
            "humanautoroles": [],
            "botautoroles": []
        },
        "1134194206223630389": {
            "humanautoroles": [],
            "botautoroles": []
        },
        "1096122328863219802": {
            "humanautoroles": [],
            "botautoroles": []
        },
        "968438225834237993": {
            "humanautoroles": [],
            "botautoroles": []
        },
        "1157880971006312498": {
            "humanautoroles": [
                "1157893132415938590",
                "1158060758995836968",
                "1218183167949930647"
            ],
            "botautoroles": []
        },
        "1152568416096497666": {
            "humanautoroles": [],
            "botautoroles": []
        },
        "1159094991650553898": {
            "humanautoroles": [],
            "botautoroles": []
        },
        "1138313829411987466": {
            "humanautoroles": [
                "1138313829411987469"
            ],
            "botautoroles": []
        },
        "1132585033773883453": {
            "humanautoroles": [],
            "botautoroles": []
        },
        "1142791402984571002": {
            "humanautoroles": [],
            "botautoroles": []
        },
        "1143264320818528427": {
            "humanautoroles": [],
            "botautoroles": []
        },
        "1149426003404402690": {
            "humanautoroles": [],
            "botautoroles": []
        },
        "1144027094104424549": {
            "humanautoroles": [],
            "botautoroles": []
        },
        "1146713157327388682": {
            "humanautoroles": [],
            "botautoroles": []
        },
        "1136979948775669900": {
            "humanautoroles": [],
            "botautoroles": []
        },
        "1035926197474951198": {
            "humanautoroles": [],
            "botautoroles": []
        },
        "1142396758450769941": {
            "humanautoroles": [],
            "botautoroles": []
        },
        "1135622987777847366": {
            "humanautoroles": [],
            "botautoroles": []
        },
        "1147532778313883829": {
            "humanautoroles": [],
            "botautoroles": []
        },
        "1146660711204933632": {
            "humanautoroles": [],
            "botautoroles": []
        },
        "1151530287507972137": {
            "humanautoroles": [],
            "botautoroles": []
        },
        "1154381973343711352": {
            "humanautoroles": [],
            "botautoroles": []
        },
        "859074937670991892": {
            "humanautoroles": [],
            "botautoroles": []
        },
        "1155504356393767046": {
            "humanautoroles": [],
            "botautoroles": []
        },
        "1133792592497213500": {
            "humanautoroles": [],
            "botautoroles": []
        },
        "1158971416566313031": {
            "humanautoroles": [],
            "botautoroles": []
        },
        "1147810417247256606": {
            "humanautoroles": [],
            "botautoroles": []
        },
        "1149581849396514836": {
            "humanautoroles": [],
            "botautoroles": []
        },
        "727181463816241242": {
            "humanautoroles": [],
            "botautoroles": []
        },
        "1071031425131872326": {
            "humanautoroles": [],
            "botautoroles": []
        },
        "1160982363610828951": {
            "humanautoroles": [
                "1162421868846927942"
            ],
            "botautoroles": [
                "1162421871925538826"
            ]
        },
        "1161639634032410775": {
            "humanautoroles": [
                "1161675137528123443"
            ],
            "botautoroles": [
                "1161675140640292996"
            ]
        },
        "1141773534448853062": {
            "humanautoroles": [],
            "botautoroles": []
        },
        "1134856365232357456": {
            "humanautoroles": [],
            "botautoroles": []
        },
        "1161576149055451156": {
            "humanautoroles": [],
            "botautoroles": []
        },
        "1158408289873301514": {
            "humanautoroles": [
                "1159849541193965568"
            ],
            "botautoroles": [
                "1162073594801696878"
            ]
        },
        "1162345187813629962": {
            "humanautoroles": [
                "1165112400647835712"
            ],
            "botautoroles": [
                "1165112400203219035"
            ]
        },
        "1162364527548055703": {
            "humanautoroles": [],
            "botautoroles": []
        },
        "1113075344568754197": {
            "humanautoroles": [],
            "botautoroles": []
        },
        "1113075320376016946": {
            "humanautoroles": [],
            "botautoroles": []
        },
        "1042776383803375667": {
            "humanautoroles": [],
            "botautoroles": []
        },
        "1080557560467296417": {
            "humanautoroles": [],
            "botautoroles": []
        },
        "1049603494803415070": {
            "humanautoroles": [],
            "botautoroles": []
        },
        "1162741812784537610": {
            "humanautoroles": [
                "1208800546870526023"
            ],
            "botautoroles": [
                "1208800562276081735"
            ]
        },
        "1141675222882340955": {
            "humanautoroles": [],
            "botautoroles": []
        },
        "1151053003684581446": {
            "humanautoroles": [
                "1151057717172125727"
            ],
            "botautoroles": [
                "1151058109683470346"
            ]
        },
        "1126124894841741454": {
            "humanautoroles": [],
            "botautoroles": []
        },
        "1164570018235818014": {
            "humanautoroles": [],
            "botautoroles": []
        },
        "1154462932487389225": {
            "humanautoroles": [],
            "botautoroles": []
        },
        "1165219582026469386": {
            "humanautoroles": [],
            "botautoroles": []
        },
        "1162039922262278255": {
            "humanautoroles": [],
            "botautoroles": []
        },
        "1164882449701032037": {
            "humanautoroles": [],
            "botautoroles": [
                "1164894302414045195"
            ]
        },
        "1164590975990124556": {
            "humanautoroles": [],
            "botautoroles": []
        },
        "1162351710681956392": {
            "humanautoroles": [],
            "botautoroles": []
        },
        "1165929717090750554": {
            "humanautoroles": [],
            "botautoroles": []
        },
        "1111924490507669514": {
            "humanautoroles": [],
            "botautoroles": []
        },
        "1139566409534423091": {
            "humanautoroles": [],
            "botautoroles": []
        },
        "1166297425984618536": {
            "humanautoroles": [],
            "botautoroles": []
        },
        "1045644786981417021": {
            "humanautoroles": [],
            "botautoroles": []
        },
        "1148545385736966147": {
            "humanautoroles": [],
            "botautoroles": []
        },
        "1167760034395070536": {
            "humanautoroles": [],
            "botautoroles": []
        },
        "1120219231271796746": {
            "humanautoroles": [],
            "botautoroles": []
        },
        "1167832162565890078": {
            "humanautoroles": [
                "1169616437493633094",
                "1169616450617622568",
                "1169616461094981644",
                "1169616439477547079"
            ],
            "botautoroles": [
                "1169616438454128692"
            ]
        },
        "1165194580971507733": {
            "humanautoroles": [],
            "botautoroles": []
        },
        "1167362434672119808": {
            "humanautoroles": [],
            "botautoroles": []
        },
        "1163102417366290503": {
            "humanautoroles": [],
            "botautoroles": []
        },
        "1168908072480157907": {
            "humanautoroles": [],
            "botautoroles": []
        },
        "1125240339955974177": {
            "humanautoroles": [],
            "botautoroles": []
        },
        "1171803008221335624": {
            "humanautoroles": [],
            "botautoroles": []
        },
        "1174360039486660778": {
            "humanautoroles": [],
            "botautoroles": []
        },
        "1141339221181874237": {
            "humanautoroles": [
                "1141339221181874238"
            ],
            "botautoroles": [
                "1141339221181874243"
            ]
        },
        "1172038033109950554": {
            "humanautoroles": [],
            "botautoroles": []
        },
        "1168866484328599643": {
            "humanautoroles": [
                "1168871102655770675"
            ],
            "botautoroles": []
        },
        "1154800254462468118": {
            "humanautoroles": [],
            "botautoroles": []
        },
        "1162588124086546527": {
            "humanautoroles": [],
            "botautoroles": []
        },
        "1176138557669261333": {
            "humanautoroles": [
                "1177598558707396728"
            ],
            "botautoroles": [
                "1177598760692486298"
            ]
        },
        "1105199688287801435": {
            "humanautoroles": [],
            "botautoroles": []
        },
        "1171663874773241866": {
            "humanautoroles": [
                "1177631379186532373"
            ],
            "botautoroles": [
                "1177631388292370513",
                "1171663874819358805"
            ]
        },
        "1044934824001019905": {
            "humanautoroles": [],
            "botautoroles": []
        },
        "1177070266430521375": {
            "humanautoroles": [
                "1177908625583386684"
            ],
            "botautoroles": [
                "1177284371930165268"
            ]
        },
        "1174985734734741615": {
            "humanautoroles": [],
            "botautoroles": []
        },
        "1175348467544109146": {
            "humanautoroles": [
                "1175348467644772367"
            ],
            "botautoroles": [
                "1175348467644772366"
            ]
        },
        "1079329654197981204": {
            "humanautoroles": [],
            "botautoroles": []
        },
        "1178652723420352532": {
            "humanautoroles": [],
            "botautoroles": []
        },
        "1176545169747759184": {
            "humanautoroles": [],
            "botautoroles": []
        },
        "843855196262367262": {
            "humanautoroles": [
                "1178582280470544464"
            ],
            "botautoroles": [
                "1178582280910942253"
            ]
        },
        "1024231209926144000": {
            "humanautoroles": [],
            "botautoroles": []
        },
        "1178702391332319313": {
            "humanautoroles": [],
            "botautoroles": []
        },
        "1052044209454067712": {
            "humanautoroles": [],
            "botautoroles": []
        },
        "1103955836633632798": {
            "humanautoroles": [],
            "botautoroles": []
        },
        "1175108486091264150": {
            "humanautoroles": [],
            "botautoroles": [
                "1175108486133198942",
                "1180541168661053510"
            ]
        },
        "910890361264672818": {
            "humanautoroles": [],
            "botautoroles": []
        },
        "1179977813894381568": {
            "humanautoroles": [],
            "botautoroles": []
        },
        "1157604116885930067": {
            "humanautoroles": [],
            "botautoroles": []
        },
        "1165695482794872953": {
            "humanautoroles": [],
            "botautoroles": [
                "1165736739701264546"
            ]
        },
        "1174350085627334686": {
            "humanautoroles": [
                "1175041847073194034"
            ],
            "botautoroles": []
        },
        "1178315745977974835": {
            "humanautoroles": [],
            "botautoroles": []
        },
        "1180505089627140227": {
            "humanautoroles": [],
            "botautoroles": []
        },
        "1070272268615290900": {
            "humanautoroles": [],
            "botautoroles": []
        },
        "1162217933095845969": {
            "humanautoroles": [],
            "botautoroles": []
        },
        "1139659684001890354": {
            "humanautoroles": [],
            "botautoroles": []
        },
        "1166351943434780755": {
            "humanautoroles": [],
            "botautoroles": []
        },
        "1181996312338628688": {
            "humanautoroles": [],
            "botautoroles": []
        },
        "1182307901692461056": {
            "humanautoroles": [],
            "botautoroles": []
        },
        "1177577097942814730": {
            "humanautoroles": [
                "1177577097993146424"
            ],
            "botautoroles": []
        },
        "1106983544410079292": {
            "humanautoroles": [],
            "botautoroles": []
        },
        "1158665068720947321": {
            "humanautoroles": [],
            "botautoroles": []
        },
        "1183127863185125556": {
            "humanautoroles": [],
            "botautoroles": []
        },
        "1112725767680442392": {
            "humanautoroles": [],
            "botautoroles": []
        },
        "1185253334001659934": {
            "humanautoroles": [],
            "botautoroles": []
        },
        "1075834203310149683": {
            "humanautoroles": [],
            "botautoroles": []
        },
        "1151847901300006922": {
            "humanautoroles": [],
            "botautoroles": []
        },
        "1185612129001287892": {
            "humanautoroles": [],
            "botautoroles": []
        },
        "1186682697242918994": {
            "humanautoroles": [],
            "botautoroles": []
        },
        "1083690332027363338": {
            "humanautoroles": [],
            "botautoroles": []
        },
        "1163309737979424868": {
            "humanautoroles": [],
            "botautoroles": []
        },
        "1178054201574686761": {
            "humanautoroles": [],
            "botautoroles": []
        },
        "1148113389252522074": {
            "humanautoroles": [],
            "botautoroles": []
        },
        "1185830314002624605": {
            "humanautoroles": [],
            "botautoroles": []
        },
        "1189232736234389554": {
            "humanautoroles": [],
            "botautoroles": []
        },
        "1178728747126497420": {
            "humanautoroles": [],
            "botautoroles": []
        },
        "1177891970467774464": {
            "humanautoroles": [],
            "botautoroles": []
        },
        "1192226735106830489": {
            "humanautoroles": [],
            "botautoroles": []
        },
        "1192308783158939698": {
            "humanautoroles": [],
            "botautoroles": [
                "1194375672597069834"
            ]
        },
        "1194558412843925534": {
            "humanautoroles": [],
            "botautoroles": []
        },
        "1188012992638492712": {
            "humanautoroles": [],
            "botautoroles": []
        },
        "1196102376067698789": {
            "humanautoroles": [],
            "botautoroles": []
        },
        "1182950641354686474": {
            "humanautoroles": [],
            "botautoroles": []
        },
        "1197237135204438136": {
            "humanautoroles": [],
            "botautoroles": []
        },
        "1114869601172475937": {
            "humanautoroles": [],
            "botautoroles": []
        },
        "1198726795399274526": {
            "humanautoroles": [
                "1200126533805801492"
            ],
            "botautoroles": [
                "1200126535009574964"
            ]
        },
        "1185256939471515699": {
            "humanautoroles": [],
            "botautoroles": []
        },
        "1199799457059971245": {
            "humanautoroles": [],
            "botautoroles": []
        },
        "1199682899876786216": {
            "humanautoroles": [],
            "botautoroles": [
                "1199682899876786217"
            ]
        },
        "1200445209914384548": {
            "humanautoroles": [],
            "botautoroles": []
        },
        "1185135620625010688": {
            "humanautoroles": [],
            "botautoroles": []
        },
        "1200642505281118289": {
            "humanautoroles": [],
            "botautoroles": []
        },
        "1200872887456903258": {
            "humanautoroles": [],
            "botautoroles": []
        },
        "1202617100615815188": {
            "humanautoroles": [],
            "botautoroles": []
        },
        "1200454134067904613": {
            "humanautoroles": [],
            "botautoroles": []
        },
        "1203307881890451476": {
            "humanautoroles": [],
            "botautoroles": []
        },
        "1195313653000441906": {
            "humanautoroles": [],
            "botautoroles": []
        },
        "1203726164972277770": {
            "humanautoroles": [],
            "botautoroles": []
        },
        "1119264520779608086": {
            "humanautoroles": [],
            "botautoroles": []
        },
        "1197073437634592889": {
            "humanautoroles": [],
            "botautoroles": []
        },
        "1190973441327763466": {
            "humanautoroles": [],
            "botautoroles": []
        },
        "1200043133799497789": {
            "humanautoroles": [
                "1205779141279096872",
                "1205715846396379158"
            ],
            "botautoroles": [
                "1205715840822018068"
            ]
        },
        "1117058749673263215": {
            "humanautoroles": [],
            "botautoroles": [
                "1170196633124884541"
            ]
        },
        "1202630404188803073": {
            "humanautoroles": [],
            "botautoroles": []
        },
        "1205781346941800458": {
            "humanautoroles": [],
            "botautoroles": []
        },
        "1199775388063236186": {
            "botautoroles": [],
            "humanautoroles": []
        },
        "1191910254062084136": {
            "botautoroles": [],
            "humanautoroles": []
        },
        "1209887049570586654": {
            "botautoroles": [
                "1212733978990088222",
                "1215890501811572846"
            ],
            "humanautoroles": [
                "1212733968882077827",
                "1215890500549214282"
            ]
        },
        "1154800059175686225": {
            "botautoroles": [],
            "humanautoroles": []
        },
        "1213097023830622258": {
            "botautoroles": [],
            "humanautoroles": []
        },
        "1127115529660944436": {
            "botautoroles": [],
            "humanautoroles": []
        },
        "1208711268375076874": {
            "botautoroles": [],
            "humanautoroles": []
        },
        "1215299399018614784": {
            "botautoroles": [],
            "humanautoroles": []
        },
        "1214636190364467270": {
            "botautoroles": [],
            "humanautoroles": []
        },
        "1215932150382067762": {
            "botautoroles": [],
            "humanautoroles": []
        },
        "1212701214198861835": {
            "botautoroles": [],
            "humanautoroles": []
        },
        "1215703401967648778": {
            "botautoroles": [],
            "humanautoroles": []
        },
        "1202301962796929114": {
            "botautoroles": [],
            "humanautoroles": []
        },
        "1216340127488413736": {
            "botautoroles": [],
            "humanautoroles": []
        },
        "1189780529432756234": {
            "botautoroles": [],
            "humanautoroles": []
        },
        "1190588621456150638": {
            "botautoroles": [
                "1217035601166077952",
                "1217036716750405702"
            ],
            "humanautoroles": [
                "1217035600260108328"
            ]
        },
        "1217654462815014972": {
            "botautoroles": [],
            "humanautoroles": []
        },
        "1213450503174881291": {
            "botautoroles": [],
            "humanautoroles": []
        },
        "1224676100161011734": {
            "botautoroles": [],
            "humanautoroles": []
        },
        "1018786418065158154": {
            "botautoroles": [],
            "humanautoroles": []
        },
        "1217987734350725150": {
            "botautoroles": [],
            "humanautoroles": []
        },
        "1214079284969218089": {
            "botautoroles": [],
            "humanautoroles": []
        },
        "1222083230321082419": {
            "botautoroles": [],
            "humanautoroles": []
        },
        "1204985882210476102": {
            "botautoroles": [],
            "humanautoroles": []
        },
        "1097078597820362792": {
            "botautoroles": [],
            "humanautoroles": []
        },
        "1092441963208396800": {
            "botautoroles": [],
            "humanautoroles": []
        },
        "1082870395042013285": {
            "botautoroles": [],
            "humanautoroles": []
        },
        "1222382011662991530": {
            "botautoroles": [],
            "humanautoroles": []
        },
        "1222947836262617159": {
            "botautoroles": [],
            "humanautoroles": []
        },
        "1222847334031818804": {
            "botautoroles": [],
            "humanautoroles": []
        },
        "1235851654776225844": {
            "botautoroles": [],
            "humanautoroles": []
        },
        "1234420264842825728": {
            "botautoroles": [],
            "humanautoroles": []
        },
        "1236504063902748709": {
            "botautoroles": [],
            "humanautoroles": []
        },
        "1234396388763369544": {
            "botautoroles": [],
            "humanautoroles": []
        },
        "1237390122035576873": {
            "botautoroles": [],
            "humanautoroles": []
        },
        "1188796562093129728": {
            "botautoroles": [
                "1188796562114093128",
                "1188796562177019989"
            ],
            "humanautoroles": [
                "1188796562164424712"
            ]
        },
        "1201056648727384124": {
            "botautoroles": [],
            "humanautoroles": []
        },
        "1238428864149983286": {
            "botautoroles": [],
            "humanautoroles": []
        },
        "1235168871061782598": {
            "botautoroles": [],
            "humanautoroles": []
        },
        "1234470154155589703": {
            "botautoroles": [],
            "humanautoroles": []
        },
        "1172416240128630805": {
            "botautoroles": [],
            "humanautoroles": []
        },
        "1239229701583671337": {
            "botautoroles": [],
            "humanautoroles": []
        },
        "1213031994728906764": {
            "botautoroles": [],
            "humanautoroles": []
        },
        "1226467339055403048": {
            "botautoroles": [],
            "humanautoroles": []
        },
        "1214159614916960296": {
            "botautoroles": [],
            "humanautoroles": []
        },
        "1212257716190322778": {
            "botautoroles": [],
            "humanautoroles": []
        },
        "1230188338799972494": {
            "botautoroles": [],
            "humanautoroles": []
        },
        "1243455706334629930": {
            "botautoroles": [],
            "humanautoroles": []
        },
        "1228291087907557437": {
            "botautoroles": [],
            "humanautoroles": []
        },
        "1240698073089441792": {
            "botautoroles": [],
            "humanautoroles": []
        },
        "1208334757042192454": {
            "botautoroles": [],
            "humanautoroles": []
        },
        "1206117905721204737": {
            "botautoroles": [],
            "humanautoroles": []
        },
        "1152629510982873150": {
            "botautoroles": [],
            "humanautoroles": []
        },
        "1098268290276671549": {
            "botautoroles": [],
            "humanautoroles": []
        },
        "1216729748961759374": {
            "botautoroles": [],
            "humanautoroles": []
        },
        "1226815185835266080": {
            "botautoroles": [],
            "humanautoroles": []
        },
        "1246745345388707882": {
            "botautoroles": [],
            "humanautoroles": []
        },
        "1201881560421240943": {
            "botautoroles": [],
            "humanautoroles": []
        },
        "1240462745019617373": {
            "botautoroles": [],
            "humanautoroles": []
        },
        "1249007965583966354": {
            "botautoroles": [],
            "humanautoroles": []
        },
        "1254274660627906621": {
            "botautoroles": [],
            "humanautoroles": []
        },
        "1240351902835933335": {
            "botautoroles": [
                "1254864279429972019"
            ],
            "humanautoroles": [
                "1254867031321346139"
            ]
        },
        "1243071189769785358": {
            "botautoroles": [],
            "humanautoroles": []
        },
        "1254468981662679193": {
            "botautoroles": [],
            "humanautoroles": []
        },
        "1201078733759598614": {
            "botautoroles": [],
            "humanautoroles": []
        },
        "1245663850632843264": {
            "botautoroles": [],
            "humanautoroles": []
        },
        "1251469558175498361": {
            "botautoroles": [
                "1259843420181237811"
            ],
            "humanautoroles": [
                "1251800969793114133",
                "1251800984196218900",
                "1251800986004226171",
                "1259843401680158751"
            ]
        },
        "1256862126006472765": {
            "botautoroles": [],
            "humanautoroles": []
        },
        "1254862389367672924": {
            "botautoroles": [],
            "humanautoroles": []
        },
        "1256931172949164073": {
            "botautoroles": [],
            "humanautoroles": []
        },
        "1131844898430124052": {
            "botautoroles": [],
            "humanautoroles": []
        },
        "1211038750201610280": {
            "botautoroles": [],
            "humanautoroles": []
        },
        "1213802971633029161": {
            "botautoroles": [],
            "humanautoroles": []
        },
        "1252221032245362727": {
            "botautoroles": [
                "1258062949512384554"
            ],
            "humanautoroles": []
        },
        "955116926630248449": {
            "botautoroles": [],
            "humanautoroles": []
        },
        "1254312177519824946": {
            "botautoroles": [],
            "humanautoroles": []
        },
        "1254674100136185856": {
            "botautoroles": [],
            "humanautoroles": []
        },
        "1257383294106865674": {
            "botautoroles": [],
            "humanautoroles": []
        },
        "951857762177015840": {
            "botautoroles": [],
            "humanautoroles": []
        },
        "1231798324026282125": {
            "botautoroles": [],
            "humanautoroles": []
        },
        "1259795439918645350": {
            "botautoroles": [],
            "humanautoroles": []
        },
        "1239622750503571558": {
            "botautoroles": [],
            "humanautoroles": []
        },
        "1257728749340987522": {
            "botautoroles": [],
            "humanautoroles": []
        },
        "1260564730058113035": {
            "botautoroles": [],
            "humanautoroles": [
                "1260565125941825566"
            ]
        },
        "1261303555709734922": {
            "botautoroles": [],
            "humanautoroles": []
        }
    }
}